domain,estimand,detection_profile,action_delay_fraction,residual_contact_multiplier,system_family,effect,source_artifact,observation_profile,method,rewiring_fraction,epidemic_model,disease_regime,mapping,contrast,endpoint
delivery,history_plus_tracing_over_history,delayed_detection,0.0,0.0,domestic_sheep_sirtrack,0.0010416666666666,results/EXP-20260816-017/full/relative_family_summary.csv,,,,,,,,
delivery,history_plus_tracing_over_history,delayed_detection,0.0,0.25,domestic_sheep_sirtrack,0.0010416666666666,results/EXP-20260816-017/full/relative_family_summary.csv,,,,,,,,
delivery,history_plus_tracing_over_history,delayed_detection,0.0,0.5,domestic_sheep_sirtrack,-0.0010416666666666,results/EXP-20260816-017/full/relative_family_summary.csv,,,,,,,,
delivery,history_plus_tracing_over_history,delayed_detection,0.1,0.0,domestic_sheep_sirtrack,0.0010416666666666,results/EXP-20260816-017/full/relative_family_summary.csv,,,,,,,,
delivery,history_plus_tracing_over_history,delayed_detection,0.1,0.25,domestic_sheep_sirtrack,0.0010416666666666,results/EXP-20260816-017/full/relative_family_summary.csv,,,,,,,,
delivery,history_plus_tracing_over_history,delayed_detection,0.1,0.5,domestic_sheep_sirtrack,-0.0010416666666666,results/EXP-20260816-017/full/relative_family_summary.csv,,,,,,,,
delivery,history_plus_tracing_over_history,early_detection,0.0,0.0,domestic_sheep_sirtrack,0.003125,results/EXP-20260816-017/full/relative_family_summary.csv,,,,,,,,
delivery,history_plus_tracing_over_history,early_detection,0.0,0.25,domestic_sheep_sirtrack,0.0041666666666666,results/EXP-20260816-017/full/relative_family_summary.csv,,,,,,,,
delivery,history_plus_tracing_over_history,early_detection,0.0,0.5,domestic_sheep_sirtrack,0.00625,results/EXP-20260816-017/full/relative_family_summary.csv,,,,,,,,
delivery,history_plus_tracing_over_history,early_detection,0.1,0.0,domestic_sheep_sirtrack,0.003125,results/EXP-20260816-017/full/relative_family_summary.csv,,,,,,,,
delivery,history_plus_tracing_over_history,early_detection,0.1,0.25,domestic_sheep_sirtrack,0.0041666666666666,results/EXP-20260816-017/full/relative_family_summary.csv,,,,,,,,
delivery,history_plus_tracing_over_history,early_detection,0.1,0.5,domestic_sheep_sirtrack,0.0072916666666666,results/EXP-20260816-017/full/relative_family_summary.csv,,,,,,,,
delivery,history_plus_tracing_over_history,delayed_detection,0.0,0.0,guinea_baboons_sociopatterns,0.0,results/EXP-20260816-017/full/relative_family_summary.csv,,,,,,,,
delivery,history_plus_tracing_over_history,delayed_detection,0.0,0.25,guinea_baboons_sociopatterns,0.0,results/EXP-20260816-017/full/relative_family_summary.csv,,,,,,,,
delivery,history_plus_tracing_over_history,delayed_detection,0.0,0.5,guinea_baboons_sociopatterns,0.0,results/EXP-20260816-017/full/relative_family_summary.csv,,,,,,,,
delivery,history_plus_tracing_over_history,delayed_detection,0.1,0.0,guinea_baboons_sociopatterns,0.0,results/EXP-20260816-017/full/relative_family_summary.csv,,,,,,,,
delivery,history_plus_tracing_over_history,delayed_detection,0.1,0.25,guinea_baboons_sociopatterns,0.0,results/EXP-20260816-017/full/relative_family_summary.csv,,,,,,,,
delivery,history_plus_tracing_over_history,delayed_detection,0.1,0.5,guinea_baboons_sociopatterns,0.0,results/EXP-20260816-017/full/relative_family_summary.csv,,,,,,,,
delivery,history_plus_tracing_over_history,early_detection,0.0,0.0,guinea_baboons_sociopatterns,0.0,results/EXP-20260816-017/full/relative_family_summary.csv,,,,,,,,
delivery,history_plus_tracing_over_history,early_detection,0.0,0.25,guinea_baboons_sociopatterns,0.0,results/EXP-20260816-017/full/relative_family_summary.csv,,,,,,,,
delivery,history_plus_tracing_over_history,early_detection,0.0,0.5,guinea_baboons_sociopatterns,0.0,results/EXP-20260816-017/full/relative_family_summary.csv,,,,,,,,
delivery,history_plus_tracing_over_history,early_detection,0.1,0.0,guinea_baboons_sociopatterns,0.0,results/EXP-20260816-017/full/relative_family_summary.csv,,,,,,,,
delivery,history_plus_tracing_over_history,early_detection,0.1,0.25,guinea_baboons_sociopatterns,0.0,results/EXP-20260816-017/full/relative_family_summary.csv,,,,,,,,
delivery,history_plus_tracing_over_history,early_detection,0.1,0.5,guinea_baboons_sociopatterns,0.0,results/EXP-20260816-017/full/relative_family_summary.csv,,,,,,,,
delivery,history_plus_tracing_over_history,delayed_detection,0.0,0.0,linked_wytham_songbird_family,0.0010517731766315,results/EXP-20260816-017/full/relative_family_summary.csv,,,,,,,,
delivery,history_plus_tracing_over_history,delayed_detection,0.0,0.25,linked_wytham_songbird_family,0.001139841977993,results/EXP-20260816-017/full/relative_family_summary.csv,,,,,,,,
delivery,history_plus_tracing_over_history,delayed_detection,0.0,0.5,linked_wytham_songbird_family,-0.0007875444556378,results/EXP-20260816-017/full/relative_family_summary.csv,,,,,,,,
delivery,history_plus_tracing_over_history,delayed_detection,0.1,0.0,linked_wytham_songbird_family,0.0010517731766315,results/EXP-20260816-017/full/relative_family_summary.csv,,,,,,,,
delivery,history_plus_tracing_over_history,delayed_detection,0.1,0.25,linked_wytham_songbird_family,0.001139841977993,results/EXP-20260816-017/full/relative_family_summary.csv,,,,,,,,
delivery,history_plus_tracing_over_history,delayed_detection,0.1,0.5,linked_wytham_songbird_family,-0.0007875444556378,results/EXP-20260816-017/full/relative_family_summary.csv,,,,,,,,
delivery,history_plus_tracing_over_history,early_detection,0.0,0.0,linked_wytham_songbird_family,0.0053875653170008,results/EXP-20260816-017/full/relative_family_summary.csv,,,,,,,,
delivery,history_plus_tracing_over_history,early_detection,0.0,0.25,linked_wytham_songbird_family,0.0022401433691756,results/EXP-20260816-017/full/relative_family_summary.csv,,,,,,,,
delivery,history_plus_tracing_over_history,early_detection,0.0,0.5,linked_wytham_songbird_family,0.0010993934381031,results/EXP-20260816-017/full/relative_family_summary.csv,,,,,,,,
delivery,history_plus_tracing_over_history,early_detection,0.1,0.0,linked_wytham_songbird_family,0.0033414856499533,results/EXP-20260816-017/full/relative_family_summary.csv,,,,,,,,
delivery,history_plus_tracing_over_history,early_detection,0.1,0.25,linked_wytham_songbird_family,0.0029569892473118,results/EXP-20260816-017/full/relative_family_summary.csv,,,,,,,,
delivery,history_plus_tracing_over_history,early_detection,0.1,0.5,linked_wytham_songbird_family,0.0031810035842293,results/EXP-20260816-017/full/relative_family_summary.csv,,,,,,,,
delivery,history_plus_tracing_over_history,delayed_detection,0.0,0.0,oxford_wildbird_network,0.0029411764705882,results/EXP-20260816-017/full/relative_family_summary.csv,,,,,,,,
delivery,history_plus_tracing_over_history,delayed_detection,0.0,0.25,oxford_wildbird_network,0.0029411764705882,results/EXP-20260816-017/full/relative_family_summary.csv,,,,,,,,
delivery,history_plus_tracing_over_history,delayed_detection,0.0,0.5,oxford_wildbird_network,0.0,results/EXP-20260816-017/full/relative_family_summary.csv,,,,,,,,
delivery,history_plus_tracing_over_history,delayed_detection,0.1,0.0,oxford_wildbird_network,0.0014705882352941,results/EXP-20260816-017/full/relative_family_summary.csv,,,,,,,,
delivery,history_plus_tracing_over_history,delayed_detection,0.1,0.25,oxford_wildbird_network,0.0,results/EXP-20260816-017/full/relative_family_summary.csv,,,,,,,,
delivery,history_plus_tracing_over_history,delayed_detection,0.1,0.5,oxford_wildbird_network,0.0,results/EXP-20260816-017/full/relative_family_summary.csv,,,,,,,,
delivery,history_plus_tracing_over_history,early_detection,0.0,0.0,oxford_wildbird_network,-0.0073529411764705,results/EXP-20260816-017/full/relative_family_summary.csv,,,,,,,,
delivery,history_plus_tracing_over_history,early_detection,0.0,0.25,oxford_wildbird_network,-0.0029411764705882,results/EXP-20260816-017/full/relative_family_summary.csv,,,,,,,,
delivery,history_plus_tracing_over_history,early_detection,0.0,0.5,oxford_wildbird_network,-0.0014705882352941,results/EXP-20260816-017/full/relative_family_summary.csv,,,,,,,,
delivery,history_plus_tracing_over_history,early_detection,0.1,0.0,oxford_wildbird_network,-0.0058823529411764,results/EXP-20260816-017/full/relative_family_summary.csv,,,,,,,,
delivery,history_plus_tracing_over_history,early_detection,0.1,0.25,oxford_wildbird_network,-0.0014705882352941,results/EXP-20260816-017/full/relative_family_summary.csv,,,,,,,,
delivery,history_plus_tracing_over_history,early_detection,0.1,0.5,oxford_wildbird_network,-0.0014705882352941,results/EXP-20260816-017/full/relative_family_summary.csv,,,,,,,,
delivery,history_plus_tracing_over_history,delayed_detection,0.0,0.0,radolfzell_great_tits_ontogeny,0.0004861778192216,results/EXP-20260816-017/full/relative_family_summary.csv,,,,,,,,
delivery,history_plus_tracing_over_history,delayed_detection,0.0,0.25,radolfzell_great_tits_ontogeny,-0.0002668447682568,results/EXP-20260816-017/full/relative_family_summary.csv,,,,,,,,
delivery,history_plus_tracing_over_history,delayed_detection,0.0,0.5,radolfzell_great_tits_ontogeny,-0.0006321045085166,results/EXP-20260816-017/full/relative_family_summary.csv,,,,,,,,
delivery,history_plus_tracing_over_history,delayed_detection,0.1,0.0,radolfzell_great_tits_ontogeny,5.432896632013221e-05,results/EXP-20260816-017/full/relative_family_summary.csv,,,,,,,,
delivery,history_plus_tracing_over_history,delayed_detection,0.1,0.25,radolfzell_great_tits_ontogeny,-0.0005888483460744,results/EXP-20260816-017/full/relative_family_summary.csv,,,,,,,,
delivery,history_plus_tracing_over_history,delayed_detection,0.1,0.5,radolfzell_great_tits_ontogeny,-0.0005694927017187,results/EXP-20260816-017/full/relative_family_summary.csv,,,,,,,,
delivery,history_plus_tracing_over_history,early_detection,0.0,0.0,radolfzell_great_tits_ontogeny,0.0103833216505379,results/EXP-20260816-017/full/relative_family_summary.csv,,,,,,,,
delivery,history_plus_tracing_over_history,early_detection,0.0,0.25,radolfzell_great_tits_ontogeny,0.0102310827862751,results/EXP-20260816-017/full/relative_family_summary.csv,,,,,,,,
delivery,history_plus_tracing_over_history,early_detection,0.0,0.5,radolfzell_great_tits_ontogeny,0.0031240220710061,results/EXP-20260816-017/full/relative_family_summary.csv,,,,,,,,
delivery,history_plus_tracing_over_history,early_detection,0.1,0.0,radolfzell_great_tits_ontogeny,0.0020438044538669,results/EXP-20260816-017/full/relative_family_summary.csv,,,,,,,,
delivery,history_plus_tracing_over_history,early_detection,0.1,0.25,radolfzell_great_tits_ontogeny,0.002196315484518,results/EXP-20260816-017/full/relative_family_summary.csv,,,,,,,,
delivery,history_plus_tracing_over_history,early_detection,0.1,0.5,radolfzell_great_tits_ontogeny,0.0006608970453271,results/EXP-20260816-017/full/relative_family_summary.csv,,,,,,,,
delivery,history_policy_over_no_action,delayed_detection,0.0,0.0,domestic_sheep_sirtrack,0.009375,results/EXP-20260816-017/full/absolute_family_summary.csv,,,,,,,,
delivery,history_policy_over_no_action,delayed_detection,0.0,0.25,domestic_sheep_sirtrack,0.0104166666666666,results/EXP-20260816-017/full/absolute_family_summary.csv,,,,,,,,
delivery,history_policy_over_no_action,delayed_detection,0.0,0.5,domestic_sheep_sirtrack,0.0072916666666666,results/EXP-20260816-017/full/absolute_family_summary.csv,,,,,,,,
delivery,history_policy_over_no_action,delayed_detection,0.1,0.0,domestic_sheep_sirtrack,0.0072916666666666,results/EXP-20260816-017/full/absolute_family_summary.csv,,,,,,,,
delivery,history_policy_over_no_action,delayed_detection,0.1,0.25,domestic_sheep_sirtrack,0.0072916666666666,results/EXP-20260816-017/full/absolute_family_summary.csv,,,,,,,,
delivery,history_policy_over_no_action,delayed_detection,0.1,0.5,domestic_sheep_sirtrack,0.0052083333333333,results/EXP-20260816-017/full/absolute_family_summary.csv,,,,,,,,
delivery,history_policy_over_no_action,early_detection,0.0,0.0,domestic_sheep_sirtrack,0.0041666666666666,results/EXP-20260816-017/full/absolute_family_summary.csv,,,,,,,,
delivery,history_policy_over_no_action,early_detection,0.0,0.25,domestic_sheep_sirtrack,0.025,results/EXP-20260816-017/full/absolute_family_summary.csv,,,,,,,,
delivery,history_policy_over_no_action,early_detection,0.0,0.5,domestic_sheep_sirtrack,0.0208333333333333,results/EXP-20260816-017/full/absolute_family_summary.csv,,,,,,,,
delivery,history_policy_over_no_action,early_detection,0.1,0.0,domestic_sheep_sirtrack,0.009375,results/EXP-20260816-017/full/absolute_family_summary.csv,,,,,,,,
delivery,history_policy_over_no_action,early_detection,0.1,0.25,domestic_sheep_sirtrack,0.028125,results/EXP-20260816-017/full/absolute_family_summary.csv,,,,,,,,
delivery,history_policy_over_no_action,early_detection,0.1,0.5,domestic_sheep_sirtrack,0.0177083333333333,results/EXP-20260816-017/full/absolute_family_summary.csv,,,,,,,,
delivery,history_policy_over_no_action,delayed_detection,0.0,0.0,guinea_baboons_sociopatterns,0.0052083333333333,results/EXP-20260816-017/full/absolute_family_summary.csv,,,,,,,,
delivery,history_policy_over_no_action,delayed_detection,0.0,0.25,guinea_baboons_sociopatterns,0.0052083333333333,results/EXP-20260816-017/full/absolute_family_summary.csv,,,,,,,,
delivery,history_policy_over_no_action,delayed_detection,0.0,0.5,guinea_baboons_sociopatterns,0.0052083333333333,results/EXP-20260816-017/full/absolute_family_summary.csv,,,,,,,,
delivery,history_policy_over_no_action,delayed_detection,0.1,0.0,guinea_baboons_sociopatterns,0.0052083333333333,results/EXP-20260816-017/full/absolute_family_summary.csv,,,,,,,,
delivery,history_policy_over_no_action,delayed_detection,0.1,0.25,guinea_baboons_sociopatterns,0.0052083333333333,results/EXP-20260816-017/full/absolute_family_summary.csv,,,,,,,,
delivery,history_policy_over_no_action,delayed_detection,0.1,0.5,guinea_baboons_sociopatterns,0.0052083333333333,results/EXP-20260816-017/full/absolute_family_summary.csv,,,,,,,,
delivery,history_policy_over_no_action,early_detection,0.0,0.0,guinea_baboons_sociopatterns,0.0,results/EXP-20260816-017/full/absolute_family_summary.csv,,,,,,,,
delivery,history_policy_over_no_action,early_detection,0.0,0.25,guinea_baboons_sociopatterns,0.0048076923076923,results/EXP-20260816-017/full/absolute_family_summary.csv,,,,,,,,
delivery,history_policy_over_no_action,early_detection,0.0,0.5,guinea_baboons_sociopatterns,0.0052083333333333,results/EXP-20260816-017/full/absolute_family_summary.csv,,,,,,,,
delivery,history_policy_over_no_action,early_detection,0.1,0.0,guinea_baboons_sociopatterns,0.0,results/EXP-20260816-017/full/absolute_family_summary.csv,,,,,,,,
delivery,history_policy_over_no_action,early_detection,0.1,0.25,guinea_baboons_sociopatterns,0.0,results/EXP-20260816-017/full/absolute_family_summary.csv,,,,,,,,
delivery,history_policy_over_no_action,early_detection,0.1,0.5,guinea_baboons_sociopatterns,0.0052083333333333,results/EXP-20260816-017/full/absolute_family_summary.csv,,,,,,,,
delivery,history_policy_over_no_action,delayed_detection,0.0,0.0,linked_wytham_songbird_family,0.0147339613904829,results/EXP-20260816-017/full/absolute_family_summary.csv,,,,,,,,
delivery,history_policy_over_no_action,delayed_detection,0.0,0.25,linked_wytham_songbird_family,0.0069410311277432,results/EXP-20260816-017/full/absolute_family_summary.csv,,,,,,,,
delivery,history_policy_over_no_action,delayed_detection,0.0,0.5,linked_wytham_songbird_family,0.010075170396733,results/EXP-20260816-017/full/absolute_family_summary.csv,,,,,,,,
delivery,history_policy_over_no_action,delayed_detection,0.1,0.0,linked_wytham_songbird_family,0.0147339613904829,results/EXP-20260816-017/full/absolute_family_summary.csv,,,,,,,,
delivery,history_policy_over_no_action,delayed_detection,0.1,0.25,linked_wytham_songbird_family,0.0069410311277432,results/EXP-20260816-017/full/absolute_family_summary.csv,,,,,,,,
delivery,history_policy_over_no_action,delayed_detection,0.1,0.5,linked_wytham_songbird_family,0.010075170396733,results/EXP-20260816-017/full/absolute_family_summary.csv,,,,,,,,
delivery,history_policy_over_no_action,early_detection,0.0,0.0,linked_wytham_songbird_family,0.0011528122415219,results/EXP-20260816-017/full/absolute_family_summary.csv,,,,,,,,
delivery,history_policy_over_no_action,early_detection,0.0,0.25,linked_wytham_songbird_family,0.0087039844140161,results/EXP-20260816-017/full/absolute_family_summary.csv,,,,,,,,
delivery,history_policy_over_no_action,early_detection,0.0,0.5,linked_wytham_songbird_family,0.0175482583741355,results/EXP-20260816-017/full/absolute_family_summary.csv,,,,,,,,
delivery,history_policy_over_no_action,early_detection,0.1,0.0,linked_wytham_songbird_family,0.0041074373600435,results/EXP-20260816-017/full/absolute_family_summary.csv,,,,,,,,
delivery,history_policy_over_no_action,early_detection,0.1,0.25,linked_wytham_songbird_family,0.0094357645812801,results/EXP-20260816-017/full/absolute_family_summary.csv,,,,,,,,
delivery,history_policy_over_no_action,early_detection,0.1,0.5,linked_wytham_songbird_family,0.0113783865792637,results/EXP-20260816-017/full/absolute_family_summary.csv,,,,,,,,
delivery,history_policy_over_no_action,delayed_detection,0.0,0.0,oxford_wildbird_network,0.0,results/EXP-20260816-017/full/absolute_family_summary.csv,,,,,,,,
delivery,history_policy_over_no_action,delayed_detection,0.0,0.25,oxford_wildbird_network,0.0,results/EXP-20260816-017/full/absolute_family_summary.csv,,,,,,,,
delivery,history_policy_over_no_action,delayed_detection,0.0,0.5,oxford_wildbird_network,0.0,results/EXP-20260816-017/full/absolute_family_summary.csv,,,,,,,,
delivery,history_policy_over_no_action,delayed_detection,0.1,0.0,oxford_wildbird_network,0.0,results/EXP-20260816-017/full/absolute_family_summary.csv,,,,,,,,
delivery,history_policy_over_no_action,delayed_detection,0.1,0.25,oxford_wildbird_network,0.0,results/EXP-20260816-017/full/absolute_family_summary.csv,,,,,,,,
delivery,history_policy_over_no_action,delayed_detection,0.1,0.5,oxford_wildbird_network,0.0,results/EXP-20260816-017/full/absolute_family_summary.csv,,,,,,,,
delivery,history_policy_over_no_action,early_detection,0.0,0.0,oxford_wildbird_network,0.0117647058823529,results/EXP-20260816-017/full/absolute_family_summary.csv,,,,,,,,
delivery,history_policy_over_no_action,early_detection,0.0,0.25,oxford_wildbird_network,0.0029411764705882,results/EXP-20260816-017/full/absolute_family_summary.csv,,,,,,,,
delivery,history_policy_over_no_action,early_detection,0.0,0.5,oxford_wildbird_network,0.0014705882352941,results/EXP-20260816-017/full/absolute_family_summary.csv,,,,,,,,
delivery,history_policy_over_no_action,early_detection,0.1,0.0,oxford_wildbird_network,0.0073529411764705,results/EXP-20260816-017/full/absolute_family_summary.csv,,,,,,,,
delivery,history_policy_over_no_action,early_detection,0.1,0.25,oxford_wildbird_network,0.0014705882352941,results/EXP-20260816-017/full/absolute_family_summary.csv,,,,,,,,
delivery,history_policy_over_no_action,early_detection,0.1,0.5,oxford_wildbird_network,0.0014705882352941,results/EXP-20260816-017/full/absolute_family_summary.csv,,,,,,,,
delivery,history_policy_over_no_action,delayed_detection,0.0,0.0,radolfzell_great_tits_ontogeny,0.0231275095910783,results/EXP-20260816-017/full/absolute_family_summary.csv,,,,,,,,
delivery,history_policy_over_no_action,delayed_detection,0.0,0.25,radolfzell_great_tits_ontogeny,0.0115054761817426,results/EXP-20260816-017/full/absolute_family_summary.csv,,,,,,,,
delivery,history_policy_over_no_action,delayed_detection,0.0,0.5,radolfzell_great_tits_ontogeny,0.0033310957353717,results/EXP-20260816-017/full/absolute_family_summary.csv,,,,,,,,
delivery,history_policy_over_no_action,delayed_detection,0.1,0.0,radolfzell_great_tits_ontogeny,0.021573669714105,results/EXP-20260816-017/full/absolute_family_summary.csv,,,,,,,,
delivery,history_policy_over_no_action,delayed_detection,0.1,0.25,radolfzell_great_tits_ontogeny,0.0093945638382721,results/EXP-20260816-017/full/absolute_family_summary.csv,,,,,,,,
delivery,history_policy_over_no_action,delayed_detection,0.1,0.5,radolfzell_great_tits_ontogeny,0.0028838685439584,results/EXP-20260816-017/full/absolute_family_summary.csv,,,,,,,,
delivery,history_policy_over_no_action,early_detection,0.0,0.0,radolfzell_great_tits_ontogeny,0.024856313995587,results/EXP-20260816-017/full/absolute_family_summary.csv,,,,,,,,
delivery,history_policy_over_no_action,early_detection,0.0,0.25,radolfzell_great_tits_ontogeny,0.0152197909415848,results/EXP-20260816-017/full/absolute_family_summary.csv,,,,,,,,
delivery,history_policy_over_no_action,early_detection,0.0,0.5,radolfzell_great_tits_ontogeny,0.0051495433841828,results/EXP-20260816-017/full/absolute_family_summary.csv,,,,,,,,
delivery,history_policy_over_no_action,early_detection,0.1,0.0,radolfzell_great_tits_ontogeny,0.0232702048620701,results/EXP-20260816-017/full/absolute_family_summary.csv,,,,,,,,
delivery,history_policy_over_no_action,early_detection,0.1,0.25,radolfzell_great_tits_ontogeny,0.0135557481656389,results/EXP-20260816-017/full/absolute_family_summary.csv,,,,,,,,
delivery,history_policy_over_no_action,early_detection,0.1,0.5,radolfzell_great_tits_ontogeny,0.0042768712713111,results/EXP-20260816-017/full/absolute_family_summary.csv,,,,,,,,
epidemic_regime,detected_contacts_over_history,delayed_detection,,,domestic_sheep_sirtrack,0.0010416666666666,results/EXP-20260817-001/full/relative_family_summary.csv,,,0.0,SIR,high,,,
epidemic_regime,detected_contacts_over_history,delayed_detection,,,domestic_sheep_sirtrack,-0.0020833333333333,results/EXP-20260817-001/full/relative_family_summary.csv,,,1.0,SIR,high,,,
epidemic_regime,detected_contacts_over_history,early_detection,,,domestic_sheep_sirtrack,0.0020833333333333,results/EXP-20260817-001/full/relative_family_summary.csv,,,0.0,SIR,high,,,
epidemic_regime,detected_contacts_over_history,early_detection,,,domestic_sheep_sirtrack,0.0020833333333333,results/EXP-20260817-001/full/relative_family_summary.csv,,,1.0,SIR,high,,,
epidemic_regime,detected_contacts_over_history,delayed_detection,,,domestic_sheep_sirtrack,0.0020833333333333,results/EXP-20260817-001/full/relative_family_summary.csv,,,0.0,SIR,low,,,
epidemic_regime,detected_contacts_over_history,delayed_detection,,,domestic_sheep_sirtrack,0.0020833333333333,results/EXP-20260817-001/full/relative_family_summary.csv,,,1.0,SIR,low,,,
epidemic_regime,detected_contacts_over_history,early_detection,,,domestic_sheep_sirtrack,0.0020833333333333,results/EXP-20260817-001/full/relative_family_summary.csv,,,0.0,SIR,low,,,
epidemic_regime,detected_contacts_over_history,early_detection,,,domestic_sheep_sirtrack,0.0041666666666666,results/EXP-20260817-001/full/relative_family_summary.csv,,,1.0,SIR,low,,,
epidemic_regime,detected_contacts_over_history,delayed_detection,,,domestic_sheep_sirtrack,-0.0020833333333333,results/EXP-20260817-001/full/relative_family_summary.csv,,,0.0,SIR,middle,,,
epidemic_regime,detected_contacts_over_history,delayed_detection,,,domestic_sheep_sirtrack,0.0031249999999999,results/EXP-20260817-001/full/relative_family_summary.csv,,,1.0,SIR,middle,,,
epidemic_regime,detected_contacts_over_history,early_detection,,,domestic_sheep_sirtrack,0.0104166666666666,results/EXP-20260817-001/full/relative_family_summary.csv,,,0.0,SIR,middle,,,
epidemic_regime,detected_contacts_over_history,early_detection,,,domestic_sheep_sirtrack,0.0135416666666666,results/EXP-20260817-001/full/relative_family_summary.csv,,,1.0,SIR,middle,,,
epidemic_regime,detected_contacts_over_history,delayed_detection,,,domestic_sheep_sirtrack,0.0041666666666666,results/EXP-20260817-003/full/relative_family_summary.csv,,,0.0,SEIR/Erlang,high,,,
epidemic_regime,detected_contacts_over_history,delayed_detection,,,domestic_sheep_sirtrack,0.0072916666666666,results/EXP-20260817-003/full/relative_family_summary.csv,,,1.0,SEIR/Erlang,high,,,
epidemic_regime,detected_contacts_over_history,early_detection,,,domestic_sheep_sirtrack,0.0,results/EXP-20260817-003/full/relative_family_summary.csv,,,0.0,SEIR/Erlang,high,,,
epidemic_regime,detected_contacts_over_history,early_detection,,,domestic_sheep_sirtrack,0.0166666666666666,results/EXP-20260817-003/full/relative_family_summary.csv,,,1.0,SEIR/Erlang,high,,,
epidemic_regime,detected_contacts_over_history,delayed_detection,,,domestic_sheep_sirtrack,0.0020833333333333,results/EXP-20260817-003/full/relative_family_summary.csv,,,0.0,SEIR/Erlang,low,,,
epidemic_regime,detected_contacts_over_history,delayed_detection,,,domestic_sheep_sirtrack,0.003125,results/EXP-20260817-003/full/relative_family_summary.csv,,,1.0,SEIR/Erlang,low,,,
epidemic_regime,detected_contacts_over_history,early_detection,,,domestic_sheep_sirtrack,0.0010416666666666,results/EXP-20260817-003/full/relative_family_summary.csv,,,0.0,SEIR/Erlang,low,,,
epidemic_regime,detected_contacts_over_history,early_detection,,,domestic_sheep_sirtrack,0.0052083333333333,results/EXP-20260817-003/full/relative_family_summary.csv,,,1.0,SEIR/Erlang,low,,,
epidemic_regime,detected_contacts_over_history,delayed_detection,,,domestic_sheep_sirtrack,0.0,results/EXP-20260817-003/full/relative_family_summary.csv,,,0.0,SEIR/Erlang,middle,,,
epidemic_regime,detected_contacts_over_history,delayed_detection,,,domestic_sheep_sirtrack,0.0041666666666666,results/EXP-20260817-003/full/relative_family_summary.csv,,,1.0,SEIR/Erlang,middle,,,
epidemic_regime,detected_contacts_over_history,early_detection,,,domestic_sheep_sirtrack,0.00625,results/EXP-20260817-003/full/relative_family_summary.csv,,,0.0,SEIR/Erlang,middle,,,
epidemic_regime,detected_contacts_over_history,early_detection,,,domestic_sheep_sirtrack,0.0135416666666666,results/EXP-20260817-003/full/relative_family_summary.csv,,,1.0,SEIR/Erlang,middle,,,
epidemic_regime,detected_contacts_over_history,delayed_detection,,,guinea_baboons_sociopatterns,-0.0096153846153846,results/EXP-20260817-001/full/relative_family_summary.csv,,,0.0,SIR,high,,,
epidemic_regime,detected_contacts_over_history,delayed_detection,,,guinea_baboons_sociopatterns,0.0,results/EXP-20260817-001/full/relative_family_summary.csv,,,1.0,SIR,high,,,
epidemic_regime,detected_contacts_over_history,early_detection,,,guinea_baboons_sociopatterns,-0.0096153846153846,results/EXP-20260817-001/full/relative_family_summary.csv,,,0.0,SIR,high,,,
epidemic_regime,detected_contacts_over_history,early_detection,,,guinea_baboons_sociopatterns,-0.0100160256410256,results/EXP-20260817-001/full/relative_family_summary.csv,,,1.0,SIR,high,,,
epidemic_regime,detected_contacts_over_history,delayed_detection,,,guinea_baboons_sociopatterns,0.0,results/EXP-20260817-001/full/relative_family_summary.csv,,,0.0,SIR,low,,,
epidemic_regime,detected_contacts_over_history,delayed_detection,,,guinea_baboons_sociopatterns,0.0,results/EXP-20260817-001/full/relative_family_summary.csv,,,1.0,SIR,low,,,
epidemic_regime,detected_contacts_over_history,early_detection,,,guinea_baboons_sociopatterns,0.0,results/EXP-20260817-001/full/relative_family_summary.csv,,,0.0,SIR,low,,,
epidemic_regime,detected_contacts_over_history,early_detection,,,guinea_baboons_sociopatterns,0.0,results/EXP-20260817-001/full/relative_family_summary.csv,,,1.0,SIR,low,,,
epidemic_regime,detected_contacts_over_history,delayed_detection,,,guinea_baboons_sociopatterns,0.0,results/EXP-20260817-001/full/relative_family_summary.csv,,,0.0,SIR,middle,,,
epidemic_regime,detected_contacts_over_history,delayed_detection,,,guinea_baboons_sociopatterns,0.0048076923076923,results/EXP-20260817-001/full/relative_family_summary.csv,,,1.0,SIR,middle,,,
epidemic_regime,detected_contacts_over_history,early_detection,,,guinea_baboons_sociopatterns,-0.0096153846153846,results/EXP-20260817-001/full/relative_family_summary.csv,,,0.0,SIR,middle,,,
epidemic_regime,detected_contacts_over_history,early_detection,,,guinea_baboons_sociopatterns,-0.0048076923076923,results/EXP-20260817-001/full/relative_family_summary.csv,,,1.0,SIR,middle,,,
epidemic_regime,detected_contacts_over_history,delayed_detection,,,guinea_baboons_sociopatterns,0.0,results/EXP-20260817-003/full/relative_family_summary.csv,,,0.0,SEIR/Erlang,high,,,
epidemic_regime,detected_contacts_over_history,delayed_detection,,,guinea_baboons_sociopatterns,0.0104166666666666,results/EXP-20260817-003/full/relative_family_summary.csv,,,1.0,SEIR/Erlang,high,,,
epidemic_regime,detected_contacts_over_history,early_detection,,,guinea_baboons_sociopatterns,-0.0044070512820512,results/EXP-20260817-003/full/relative_family_summary.csv,,,0.0,SEIR/Erlang,high,,,
epidemic_regime,detected_contacts_over_history,early_detection,,,guinea_baboons_sociopatterns,0.0056089743589743,results/EXP-20260817-003/full/relative_family_summary.csv,,,1.0,SEIR/Erlang,high,,,
epidemic_regime,detected_contacts_over_history,delayed_detection,,,guinea_baboons_sociopatterns,0.0,results/EXP-20260817-003/full/relative_family_summary.csv,,,0.0,SEIR/Erlang,low,,,
epidemic_regime,detected_contacts_over_history,delayed_detection,,,guinea_baboons_sociopatterns,0.0,results/EXP-20260817-003/full/relative_family_summary.csv,,,1.0,SEIR/Erlang,low,,,
epidemic_regime,detected_contacts_over_history,early_detection,,,guinea_baboons_sociopatterns,0.0,results/EXP-20260817-003/full/relative_family_summary.csv,,,0.0,SEIR/Erlang,low,,,
epidemic_regime,detected_contacts_over_history,early_detection,,,guinea_baboons_sociopatterns,0.0048076923076923,results/EXP-20260817-003/full/relative_family_summary.csv,,,1.0,SEIR/Erlang,low,,,
epidemic_regime,detected_contacts_over_history,delayed_detection,,,guinea_baboons_sociopatterns,0.0340544871794871,results/EXP-20260817-003/full/relative_family_summary.csv,,,0.0,SEIR/Erlang,middle,,,
epidemic_regime,detected_contacts_over_history,delayed_detection,,,guinea_baboons_sociopatterns,0.0532852564102564,results/EXP-20260817-003/full/relative_family_summary.csv,,,1.0,SEIR/Erlang,middle,,,
epidemic_regime,detected_contacts_over_history,early_detection,,,guinea_baboons_sociopatterns,0.0288461538461538,results/EXP-20260817-003/full/relative_family_summary.csv,,,0.0,SEIR/Erlang,middle,,,
epidemic_regime,detected_contacts_over_history,early_detection,,,guinea_baboons_sociopatterns,0.0681089743589743,results/EXP-20260817-003/full/relative_family_summary.csv,,,1.0,SEIR/Erlang,middle,,,
epidemic_regime,detected_contacts_over_history,delayed_detection,,,linked_wytham_songbird_family,0.0020261381485981,results/EXP-20260817-001/full/relative_family_summary.csv,,,0.0,SIR,high,,,
epidemic_regime,detected_contacts_over_history,delayed_detection,,,linked_wytham_songbird_family,0.1052095536916442,results/EXP-20260817-001/full/relative_family_summary.csv,,,1.0,SIR,high,,,
epidemic_regime,detected_contacts_over_history,early_detection,,,linked_wytham_songbird_family,-0.0042839504558828,results/EXP-20260817-001/full/relative_family_summary.csv,,,0.0,SIR,high,,,
epidemic_regime,detected_contacts_over_history,early_detection,,,linked_wytham_songbird_family,0.061729818286016,results/EXP-20260817-001/full/relative_family_summary.csv,,,1.0,SIR,high,,,
epidemic_regime,detected_contacts_over_history,delayed_detection,,,linked_wytham_songbird_family,-0.0027378921806853,results/EXP-20260817-001/full/relative_family_summary.csv,,,0.0,SIR,low,,,
epidemic_regime,detected_contacts_over_history,delayed_detection,,,linked_wytham_songbird_family,0.029131995639621,results/EXP-20260817-001/full/relative_family_summary.csv,,,1.0,SIR,low,,,
epidemic_regime,detected_contacts_over_history,early_detection,,,linked_wytham_songbird_family,-0.0080544663569957,results/EXP-20260817-001/full/relative_family_summary.csv,,,0.0,SIR,low,,,
epidemic_regime,detected_contacts_over_history,early_detection,,,linked_wytham_songbird_family,0.0763994723132343,results/EXP-20260817-001/full/relative_family_summary.csv,,,1.0,SIR,low,,,
epidemic_regime,detected_contacts_over_history,delayed_detection,,,linked_wytham_songbird_family,-0.0029650634896189,results/EXP-20260817-001/full/relative_family_summary.csv,,,0.0,SIR,middle,,,
epidemic_regime,detected_contacts_over_history,delayed_detection,,,linked_wytham_songbird_family,0.0488835308656101,results/EXP-20260817-001/full/relative_family_summary.csv,,,1.0,SIR,middle,,,
epidemic_regime,detected_contacts_over_history,early_detection,,,linked_wytham_songbird_family,0.0060381414449225,results/EXP-20260817-001/full/relative_family_summary.csv,,,0.0,SIR,middle,,,
epidemic_regime,detected_contacts_over_history,early_detection,,,linked_wytham_songbird_family,0.0582173041150196,results/EXP-20260817-001/full/relative_family_summary.csv,,,1.0,SIR,middle,,,
epidemic_regime,detected_contacts_over_history,delayed_detection,,,linked_wytham_songbird_family,0.0078626424883016,results/EXP-20260817-003/full/relative_family_summary.csv,,,0.0,SEIR/Erlang,high,,,
epidemic_regime,detected_contacts_over_history,delayed_detection,,,linked_wytham_songbird_family,0.0643396816306768,results/EXP-20260817-003/full/relative_family_summary.csv,,,1.0,SEIR/Erlang,high,,,
epidemic_regime,detected_contacts_over_history,early_detection,,,linked_wytham_songbird_family,0.0203057443663612,results/EXP-20260817-003/full/relative_family_summary.csv,,,0.0,SEIR/Erlang,high,,,
epidemic_regime,detected_contacts_over_history,early_detection,,,linked_wytham_songbird_family,0.0715859807302366,results/EXP-20260817-003/full/relative_family_summary.csv,,,1.0,SEIR/Erlang,high,,,
epidemic_regime,detected_contacts_over_history,delayed_detection,,,linked_wytham_songbird_family,0.0127884980165603,results/EXP-20260817-003/full/relative_family_summary.csv,,,0.0,SEIR/Erlang,low,,,
epidemic_regime,detected_contacts_over_history,delayed_detection,,,linked_wytham_songbird_family,0.024512799839215,results/EXP-20260817-003/full/relative_family_summary.csv,,,1.0,SEIR/Erlang,low,,,
epidemic_regime,detected_contacts_over_history,early_detection,,,linked_wytham_songbird_family,0.0040189744891321,results/EXP-20260817-003/full/relative_family_summary.csv,,,0.0,SEIR/Erlang,low,,,
epidemic_regime,detected_contacts_over_history,early_detection,,,linked_wytham_songbird_family,0.0156156804917223,results/EXP-20260817-003/full/relative_family_summary.csv,,,1.0,SEIR/Erlang,low,,,
epidemic_regime,detected_contacts_over_history,delayed_detection,,,linked_wytham_songbird_family,0.0129613503386338,results/EXP-20260817-003/full/relative_family_summary.csv,,,0.0,SEIR/Erlang,middle,,,
epidemic_regime,detected_contacts_over_history,delayed_detection,,,linked_wytham_songbird_family,0.019631384210957,results/EXP-20260817-003/full/relative_family_summary.csv,,,1.0,SEIR/Erlang,middle,,,
epidemic_regime,detected_contacts_over_history,early_detection,,,linked_wytham_songbird_family,0.0106331652311885,results/EXP-20260817-003/full/relative_family_summary.csv,,,0.0,SEIR/Erlang,middle,,,
epidemic_regime,detected_contacts_over_history,early_detection,,,linked_wytham_songbird_family,0.0175434217050944,results/EXP-20260817-003/full/relative_family_summary.csv,,,1.0,SEIR/Erlang,middle,,,
epidemic_regime,detected_contacts_over_history,delayed_detection,,,oxford_wildbird_network,0.0,results/EXP-20260817-001/full/relative_family_summary.csv,,,0.0,SIR,high,,,
epidemic_regime,detected_contacts_over_history,delayed_detection,,,oxford_wildbird_network,-0.0147058823529411,results/EXP-20260817-001/full/relative_family_summary.csv,,,1.0,SIR,high,,,
epidemic_regime,detected_contacts_over_history,early_detection,,,oxford_wildbird_network,-0.0014705882352941,results/EXP-20260817-001/full/relative_family_summary.csv,,,0.0,SIR,high,,,
epidemic_regime,detected_contacts_over_history,early_detection,,,oxford_wildbird_network,0.0544117647058823,results/EXP-20260817-001/full/relative_family_summary.csv,,,1.0,SIR,high,,,
epidemic_regime,detected_contacts_over_history,delayed_detection,,,oxford_wildbird_network,0.0014705882352941,results/EXP-20260817-001/full/relative_family_summary.csv,,,0.0,SIR,low,,,
epidemic_regime,detected_contacts_over_history,delayed_detection,,,oxford_wildbird_network,-0.0029411764705882,results/EXP-20260817-001/full/relative_family_summary.csv,,,1.0,SIR,low,,,
epidemic_regime,detected_contacts_over_history,early_detection,,,oxford_wildbird_network,0.0161764705882352,results/EXP-20260817-001/full/relative_family_summary.csv,,,0.0,SIR,low,,,
epidemic_regime,detected_contacts_over_history,early_detection,,,oxford_wildbird_network,-0.0044117647058823,results/EXP-20260817-001/full/relative_family_summary.csv,,,1.0,SIR,low,,,
epidemic_regime,detected_contacts_over_history,delayed_detection,,,oxford_wildbird_network,0.0,results/EXP-20260817-001/full/relative_family_summary.csv,,,0.0,SIR,middle,,,
epidemic_regime,detected_contacts_over_history,delayed_detection,,,oxford_wildbird_network,0.0235294117647058,results/EXP-20260817-001/full/relative_family_summary.csv,,,1.0,SIR,middle,,,
epidemic_regime,detected_contacts_over_history,early_detection,,,oxford_wildbird_network,0.0176470588235294,results/EXP-20260817-001/full/relative_family_summary.csv,,,0.0,SIR,middle,,,
epidemic_regime,detected_contacts_over_history,early_detection,,,oxford_wildbird_network,0.0676470588235294,results/EXP-20260817-001/full/relative_family_summary.csv,,,1.0,SIR,middle,,,
epidemic_regime,detected_contacts_over_history,delayed_detection,,,oxford_wildbird_network,-0.0029411764705882,results/EXP-20260817-003/full/relative_family_summary.csv,,,0.0,SEIR/Erlang,high,,,
epidemic_regime,detected_contacts_over_history,delayed_detection,,,oxford_wildbird_network,0.013235294117647,results/EXP-20260817-003/full/relative_family_summary.csv,,,1.0,SEIR/Erlang,high,,,
epidemic_regime,detected_contacts_over_history,early_detection,,,oxford_wildbird_network,-0.0073529411764705,results/EXP-20260817-003/full/relative_family_summary.csv,,,0.0,SEIR/Erlang,high,,,
epidemic_regime,detected_contacts_over_history,early_detection,,,oxford_wildbird_network,0.0058823529411764,results/EXP-20260817-003/full/relative_family_summary.csv,,,1.0,SEIR/Erlang,high,,,
epidemic_regime,detected_contacts_over_history,delayed_detection,,,oxford_wildbird_network,0.0,results/EXP-20260817-003/full/relative_family_summary.csv,,,0.0,SEIR/Erlang,low,,,
epidemic_regime,detected_contacts_over_history,delayed_detection,,,oxford_wildbird_network,0.0,results/EXP-20260817-003/full/relative_family_summary.csv,,,1.0,SEIR/Erlang,low,,,
epidemic_regime,detected_contacts_over_history,early_detection,,,oxford_wildbird_network,0.0147058823529411,results/EXP-20260817-003/full/relative_family_summary.csv,,,0.0,SEIR/Erlang,low,,,
epidemic_regime,detected_contacts_over_history,early_detection,,,oxford_wildbird_network,0.0264705882352941,results/EXP-20260817-003/full/relative_family_summary.csv,,,1.0,SEIR/Erlang,low,,,
epidemic_regime,detected_contacts_over_history,delayed_detection,,,oxford_wildbird_network,-0.0044117647058823,results/EXP-20260817-003/full/relative_family_summary.csv,,,0.0,SEIR/Erlang,middle,,,
epidemic_regime,detected_contacts_over_history,delayed_detection,,,oxford_wildbird_network,-0.0044117647058823,results/EXP-20260817-003/full/relative_family_summary.csv,,,1.0,SEIR/Erlang,middle,,,
epidemic_regime,detected_contacts_over_history,early_detection,,,oxford_wildbird_network,0.013235294117647,results/EXP-20260817-003/full/relative_family_summary.csv,,,0.0,SEIR/Erlang,middle,,,
epidemic_regime,detected_contacts_over_history,early_detection,,,oxford_wildbird_network,0.0102941176470588,results/EXP-20260817-003/full/relative_family_summary.csv,,,1.0,SEIR/Erlang,middle,,,
epidemic_regime,detected_contacts_over_history,delayed_detection,,,radolfzell_great_tits_ontogeny,-0.0004180602006688,results/EXP-20260817-001/full/relative_family_summary.csv,,,0.0,SIR,high,,,
epidemic_regime,detected_contacts_over_history,delayed_detection,,,radolfzell_great_tits_ontogeny,0.0063639927878895,results/EXP-20260817-001/full/relative_family_summary.csv,,,1.0,SIR,high,,,
epidemic_regime,detected_contacts_over_history,early_detection,,,radolfzell_great_tits_ontogeny,0.0086652123564056,results/EXP-20260817-001/full/relative_family_summary.csv,,,0.0,SIR,high,,,
epidemic_regime,detected_contacts_over_history,early_detection,,,radolfzell_great_tits_ontogeny,0.0595384418633711,results/EXP-20260817-001/full/relative_family_summary.csv,,,1.0,SIR,high,,,
epidemic_regime,detected_contacts_over_history,delayed_detection,,,radolfzell_great_tits_ontogeny,-0.0004824688273982,results/EXP-20260817-001/full/relative_family_summary.csv,,,0.0,SIR,low,,,
epidemic_regime,detected_contacts_over_history,delayed_detection,,,radolfzell_great_tits_ontogeny,-0.0023013470884781,results/EXP-20260817-001/full/relative_family_summary.csv,,,1.0,SIR,low,,,
epidemic_regime,detected_contacts_over_history,early_detection,,,radolfzell_great_tits_ontogeny,-0.0007726499577433,results/EXP-20260817-001/full/relative_family_summary.csv,,,0.0,SIR,low,,,
epidemic_regime,detected_contacts_over_history,early_detection,,,radolfzell_great_tits_ontogeny,-0.0028300868399885,results/EXP-20260817-001/full/relative_family_summary.csv,,,1.0,SIR,low,,,
epidemic_regime,detected_contacts_over_history,delayed_detection,,,radolfzell_great_tits_ontogeny,-0.0004081702611114,results/EXP-20260817-001/full/relative_family_summary.csv,,,0.0,SIR,middle,,,
epidemic_regime,detected_contacts_over_history,delayed_detection,,,radolfzell_great_tits_ontogeny,-0.0023566875048956,results/EXP-20260817-001/full/relative_family_summary.csv,,,1.0,SIR,middle,,,
epidemic_regime,detected_contacts_over_history,early_detection,,,radolfzell_great_tits_ontogeny,0.0030563007630475,results/EXP-20260817-001/full/relative_family_summary.csv,,,0.0,SIR,middle,,,
epidemic_regime,detected_contacts_over_history,early_detection,,,radolfzell_great_tits_ontogeny,0.0389464365069975,results/EXP-20260817-001/full/relative_family_summary.csv,,,1.0,SIR,middle,,,
epidemic_regime,detected_contacts_over_history,delayed_detection,,,radolfzell_great_tits_ontogeny,-0.0003749463836544,results/EXP-20260817-003/full/relative_family_summary.csv,,,0.0,SEIR/Erlang,high,,,
epidemic_regime,detected_contacts_over_history,delayed_detection,,,radolfzell_great_tits_ontogeny,0.0048875256315848,results/EXP-20260817-003/full/relative_family_summary.csv,,,1.0,SEIR/Erlang,high,,,
epidemic_regime,detected_contacts_over_history,early_detection,,,radolfzell_great_tits_ontogeny,0.0043959920704771,results/EXP-20260817-003/full/relative_family_summary.csv,,,0.0,SEIR/Erlang,high,,,
epidemic_regime,detected_contacts_over_history,early_detection,,,radolfzell_great_tits_ontogeny,0.0132066572153134,results/EXP-20260817-003/full/relative_family_summary.csv,,,1.0,SEIR/Erlang,high,,,
epidemic_regime,detected_contacts_over_history,delayed_detection,,,radolfzell_great_tits_ontogeny,0.0011777565212169,results/EXP-20260817-003/full/relative_family_summary.csv,,,0.0,SEIR/Erlang,low,,,
epidemic_regime,detected_contacts_over_history,delayed_detection,,,radolfzell_great_tits_ontogeny,0.0009279681707421,results/EXP-20260817-003/full/relative_family_summary.csv,,,1.0,SEIR/Erlang,low,,,
epidemic_regime,detected_contacts_over_history,early_detection,,,radolfzell_great_tits_ontogeny,0.0019103572538176,results/EXP-20260817-003/full/relative_family_summary.csv,,,0.0,SEIR/Erlang,low,,,
epidemic_regime,detected_contacts_over_history,early_detection,,,radolfzell_great_tits_ontogeny,0.0024090957388262,results/EXP-20260817-003/full/relative_family_summary.csv,,,1.0,SEIR/Erlang,low,,,
epidemic_regime,detected_contacts_over_history,delayed_detection,,,radolfzell_great_tits_ontogeny,0.0012584252413377,results/EXP-20260817-003/full/relative_family_summary.csv,,,0.0,SEIR/Erlang,middle,,,
epidemic_regime,detected_contacts_over_history,delayed_detection,,,radolfzell_great_tits_ontogeny,0.0008406579399892,results/EXP-20260817-003/full/relative_family_summary.csv,,,1.0,SEIR/Erlang,middle,,,
epidemic_regime,detected_contacts_over_history,early_detection,,,radolfzell_great_tits_ontogeny,0.0044552114449708,results/EXP-20260817-003/full/relative_family_summary.csv,,,0.0,SEIR/Erlang,middle,,,
epidemic_regime,detected_contacts_over_history,early_detection,,,radolfzell_great_tits_ontogeny,0.0019515580617408,results/EXP-20260817-003/full/relative_family_summary.csv,,,1.0,SEIR/Erlang,middle,,,
group_mapping,response_value,,,,linked_wytham_songbird_family,0.0051280347425787,results/EXP-20260819-008/full/mapping_family_summary.csv,,,,temporal_seir_erlang,,frequency_dependent,capacity_increment,
group_mapping,response_value,,,,linked_wytham_songbird_family,0.0107085830201155,results/EXP-20260819-008/full/mapping_family_summary.csv,,,,temporal_seir_erlang,,frequency_dependent,targeting_increment,
group_mapping,response_value,,,,linked_wytham_songbird_family,0.0158366177626942,results/EXP-20260819-008/full/mapping_family_summary.csv,,,,temporal_seir_erlang,,frequency_dependent,total_history_increment,
group_mapping,response_value,,,,linked_wytham_songbird_family,0.0050694575026267,results/EXP-20260819-008/full/mapping_family_summary.csv,,,,temporal_sir,,frequency_dependent,capacity_increment,
group_mapping,response_value,,,,linked_wytham_songbird_family,0.0075477894143508,results/EXP-20260819-008/full/mapping_family_summary.csv,,,,temporal_sir,,frequency_dependent,targeting_increment,
group_mapping,response_value,,,,linked_wytham_songbird_family,0.0126172469169775,results/EXP-20260819-008/full/mapping_family_summary.csv,,,,temporal_sir,,frequency_dependent,total_history_increment,
group_mapping,response_value,,,,linked_wytham_songbird_family,0.0038998608891082,results/EXP-20260819-008/full/mapping_family_summary.csv,,,,temporal_seir_erlang,,hazard_normalized_undiluted_clique,capacity_increment,
group_mapping,response_value,,,,linked_wytham_songbird_family,0.0044316296785552,results/EXP-20260819-008/full/mapping_family_summary.csv,,,,temporal_seir_erlang,,hazard_normalized_undiluted_clique,targeting_increment,
group_mapping,response_value,,,,linked_wytham_songbird_family,0.0083314905676635,results/EXP-20260819-008/full/mapping_family_summary.csv,,,,temporal_seir_erlang,,hazard_normalized_undiluted_clique,total_history_increment,
group_mapping,response_value,,,,linked_wytham_songbird_family,0.0053785997355977,results/EXP-20260819-008/full/mapping_family_summary.csv,,,,temporal_sir,,hazard_normalized_undiluted_clique,capacity_increment,
group_mapping,response_value,,,,linked_wytham_songbird_family,0.0030430781207988,results/EXP-20260819-008/full/mapping_family_summary.csv,,,,temporal_sir,,hazard_normalized_undiluted_clique,targeting_increment,
group_mapping,response_value,,,,linked_wytham_songbird_family,0.0084216778563966,results/EXP-20260819-008/full/mapping_family_summary.csv,,,,temporal_sir,,hazard_normalized_undiluted_clique,total_history_increment,
group_mapping,response_value,,,,radolfzell_great_tits_ontogeny,0.0018356997678226,results/EXP-20260819-008/full/mapping_family_summary.csv,,,,temporal_seir_erlang,,frequency_dependent,capacity_increment,
group_mapping,response_value,,,,radolfzell_great_tits_ontogeny,-0.0004462816523983,results/EXP-20260819-008/full/mapping_family_summary.csv,,,,temporal_seir_erlang,,frequency_dependent,targeting_increment,
group_mapping,response_value,,,,radolfzell_great_tits_ontogeny,0.0013894181154243,results/EXP-20260819-008/full/mapping_family_summary.csv,,,,temporal_seir_erlang,,frequency_dependent,total_history_increment,
group_mapping,response_value,,,,radolfzell_great_tits_ontogeny,0.0035060645509368,results/EXP-20260819-008/full/mapping_family_summary.csv,,,,temporal_sir,,frequency_dependent,capacity_increment,
group_mapping,response_value,,,,radolfzell_great_tits_ontogeny,0.0032609538938414,results/EXP-20260819-008/full/mapping_family_summary.csv,,,,temporal_sir,,frequency_dependent,targeting_increment,
group_mapping,response_value,,,,radolfzell_great_tits_ontogeny,0.0067670184447782,results/EXP-20260819-008/full/mapping_family_summary.csv,,,,temporal_sir,,frequency_dependent,total_history_increment,
group_mapping,response_value,,,,radolfzell_great_tits_ontogeny,0.0016311964496658,results/EXP-20260819-008/full/mapping_family_summary.csv,,,,temporal_seir_erlang,,hazard_normalized_undiluted_clique,capacity_increment,
group_mapping,response_value,,,,radolfzell_great_tits_ontogeny,-0.000424902743372,results/EXP-20260819-008/full/mapping_family_summary.csv,,,,temporal_seir_erlang,,hazard_normalized_undiluted_clique,targeting_increment,
group_mapping,response_value,,,,radolfzell_great_tits_ontogeny,0.0012062937062937,results/EXP-20260819-008/full/mapping_family_summary.csv,,,,temporal_seir_erlang,,hazard_normalized_undiluted_clique,total_history_increment,
group_mapping,response_value,,,,radolfzell_great_tits_ontogeny,0.0027278022375581,results/EXP-20260819-008/full/mapping_family_summary.csv,,,,temporal_sir,,hazard_normalized_undiluted_clique,capacity_increment,
group_mapping,response_value,,,,radolfzell_great_tits_ontogeny,0.002229384493506,results/EXP-20260819-008/full/mapping_family_summary.csv,,,,temporal_sir,,hazard_normalized_undiluted_clique,targeting_increment,
group_mapping,response_value,,,,radolfzell_great_tits_ontogeny,0.0049571867310641,results/EXP-20260819-008/full/mapping_family_summary.csv,,,,temporal_sir,,hazard_normalized_undiluted_clique,total_history_increment,
local_calibration,error_reduction,,,,domestic_sheep_sirtrack,0.3834929659220289,results/EXP-20260819-002/full/primary_improvements.csv,,,,temporal_seir_erlang,,,,avoidable_burden_mae
local_calibration,error_reduction,,,,domestic_sheep_sirtrack,0.0414462420916001,results/EXP-20260819-002/full/primary_improvements.csv,,,,temporal_seir_erlang,,,,detection_brier
local_calibration,error_reduction,,,,domestic_sheep_sirtrack,0.5857289685578467,results/EXP-20260819-002/full/primary_improvements.csv,,,,temporal_sir,,,,avoidable_burden_mae
local_calibration,error_reduction,,,,domestic_sheep_sirtrack,0.0795963246239458,results/EXP-20260819-002/full/primary_improvements.csv,,,,temporal_sir,,,,detection_brier
local_calibration,error_reduction,,,,guinea_baboons_sociopatterns,0.4691106323186588,results/EXP-20260819-002/full/primary_improvements.csv,,,,temporal_seir_erlang,,,,avoidable_burden_mae
local_calibration,error_reduction,,,,guinea_baboons_sociopatterns,0.3508005351253546,results/EXP-20260819-002/full/primary_improvements.csv,,,,temporal_seir_erlang,,,,detection_brier
local_calibration,error_reduction,,,,guinea_baboons_sociopatterns,0.2603655942598735,results/EXP-20260819-002/full/primary_improvements.csv,,,,temporal_sir,,,,avoidable_burden_mae
local_calibration,error_reduction,,,,guinea_baboons_sociopatterns,0.3075831326929114,results/EXP-20260819-002/full/primary_improvements.csv,,,,temporal_sir,,,,detection_brier
local_calibration,error_reduction,,,,linked_wytham_songbird_family,0.3837747112965533,results/EXP-20260819-002/full/primary_improvements.csv,,,,temporal_seir_erlang,,,,avoidable_burden_mae
local_calibration,error_reduction,,,,linked_wytham_songbird_family,-0.0039364246580886,results/EXP-20260819-002/full/primary_improvements.csv,,,,temporal_seir_erlang,,,,detection_brier
local_calibration,error_reduction,,,,linked_wytham_songbird_family,0.519991899176268,results/EXP-20260819-002/full/primary_improvements.csv,,,,temporal_sir,,,,avoidable_burden_mae
local_calibration,error_reduction,,,,linked_wytham_songbird_family,0.0376766242346586,results/EXP-20260819-002/full/primary_improvements.csv,,,,temporal_sir,,,,detection_brier
local_calibration,error_reduction,,,,radolfzell_great_tits_ontogeny,-0.165723342122472,results/EXP-20260819-002/full/primary_improvements.csv,,,,temporal_seir_erlang,,,,avoidable_burden_mae
local_calibration,error_reduction,,,,radolfzell_great_tits_ontogeny,-0.0281809578526369,results/EXP-20260819-002/full/primary_improvements.csv,,,,temporal_seir_erlang,,,,detection_brier
local_calibration,error_reduction,,,,radolfzell_great_tits_ontogeny,-0.172326609060476,results/EXP-20260819-002/full/primary_improvements.csv,,,,temporal_sir,,,,avoidable_burden_mae
local_calibration,error_reduction,,,,radolfzell_great_tits_ontogeny,-0.0245909265546258,results/EXP-20260819-002/full/primary_improvements.csv,,,,temporal_sir,,,,detection_brier
observation_error,detected_contacts_over_history,,,,domestic_sheep_sirtrack,-0.009375,results/EXP-20260817-006/full/observation_relative_family.csv,joint_moderate,,,,,,,
observation_error,detected_contacts_over_history,,,,domestic_sheep_sirtrack,-0.0114583333333333,results/EXP-20260817-006/full/observation_relative_family.csv,reference,,,,,,,
observation_error,detected_contacts_over_history,,,,guinea_baboons_sociopatterns,0.0292467948717948,results/EXP-20260817-006/full/observation_relative_family.csv,joint_moderate,,,,,,,
observation_error,detected_contacts_over_history,,,,guinea_baboons_sociopatterns,0.0100160256410256,results/EXP-20260817-006/full/observation_relative_family.csv,reference,,,,,,,
observation_error,detected_contacts_over_history,,,,linked_wytham_songbird_family,0.0228276181775368,results/EXP-20260817-006/full/observation_relative_family.csv,joint_moderate,,,,,,,
observation_error,detected_contacts_over_history,,,,linked_wytham_songbird_family,0.0588805723544517,results/EXP-20260817-006/full/observation_relative_family.csv,reference,,,,,,,
observation_error,detected_contacts_over_history,,,,oxford_wildbird_network,0.0691176470588235,results/EXP-20260817-006/full/observation_relative_family.csv,joint_moderate,,,,,,,
observation_error,detected_contacts_over_history,,,,oxford_wildbird_network,0.0588235294117647,results/EXP-20260817-006/full/observation_relative_family.csv,reference,,,,,,,
observation_error,detected_contacts_over_history,,,,radolfzell_great_tits_ontogeny,0.0433919362962952,results/EXP-20260817-006/full/observation_relative_family.csv,joint_moderate,,,,,,,
observation_error,detected_contacts_over_history,,,,radolfzell_great_tits_ontogeny,0.0421084632523627,results/EXP-20260817-006/full/observation_relative_family.csv,reference,,,,,,,
observation_error,policy_over_no_action,,,,domestic_sheep_sirtrack,0.009375,results/EXP-20260817-006/full/observation_absolute_family.csv,joint_moderate,contact_to_detected,,,,,,
observation_error,policy_over_no_action,,,,domestic_sheep_sirtrack,0.01875,results/EXP-20260817-006/full/observation_absolute_family.csv,joint_moderate,history_weight,,,,,,
observation_error,policy_over_no_action,,,,domestic_sheep_sirtrack,0.0083333333333333,results/EXP-20260817-006/full/observation_absolute_family.csv,reference,contact_to_detected,,,,,,
observation_error,policy_over_no_action,,,,domestic_sheep_sirtrack,0.0197916666666666,results/EXP-20260817-006/full/observation_absolute_family.csv,reference,history_weight,,,,,,
observation_error,policy_over_no_action,,,,guinea_baboons_sociopatterns,0.047676282051282,results/EXP-20260817-006/full/observation_absolute_family.csv,joint_moderate,contact_to_detected,,,,,,
observation_error,policy_over_no_action,,,,guinea_baboons_sociopatterns,0.0184294871794871,results/EXP-20260817-006/full/observation_absolute_family.csv,joint_moderate,history_weight,,,,,,
observation_error,policy_over_no_action,,,,guinea_baboons_sociopatterns,0.0717147435897435,results/EXP-20260817-006/full/observation_absolute_family.csv,reference,contact_to_detected,,,,,,
observation_error,policy_over_no_action,,,,guinea_baboons_sociopatterns,0.0616987179487179,results/EXP-20260817-006/full/observation_absolute_family.csv,reference,history_weight,,,,,,
observation_error,policy_over_no_action,,,,linked_wytham_songbird_family,-0.0643491458272572,results/EXP-20260817-006/full/observation_absolute_family.csv,joint_moderate,contact_to_detected,,,,,,
observation_error,policy_over_no_action,,,,linked_wytham_songbird_family,-0.0871767640047941,results/EXP-20260817-006/full/observation_absolute_family.csv,joint_moderate,history_weight,,,,,,
observation_error,policy_over_no_action,,,,linked_wytham_songbird_family,-0.0187532377162874,results/EXP-20260817-006/full/observation_absolute_family.csv,reference,contact_to_detected,,,,,,
observation_error,policy_over_no_action,,,,linked_wytham_songbird_family,-0.0776338100707392,results/EXP-20260817-006/full/observation_absolute_family.csv,reference,history_weight,,,,,,
observation_error,policy_over_no_action,,,,oxford_wildbird_network,0.0720588235294117,results/EXP-20260817-006/full/observation_absolute_family.csv,joint_moderate,contact_to_detected,,,,,,
observation_error,policy_over_no_action,,,,oxford_wildbird_network,0.0029411764705882,results/EXP-20260817-006/full/observation_absolute_family.csv,joint_moderate,history_weight,,,,,,
observation_error,policy_over_no_action,,,,oxford_wildbird_network,0.0705882352941176,results/EXP-20260817-006/full/observation_absolute_family.csv,reference,contact_to_detected,,,,,,
observation_error,policy_over_no_action,,,,oxford_wildbird_network,0.0117647058823529,results/EXP-20260817-006/full/observation_absolute_family.csv,reference,history_weight,,,,,,
observation_error,policy_over_no_action,,,,radolfzell_great_tits_ontogeny,0.0230278720134781,results/EXP-20260817-006/full/observation_absolute_family.csv,joint_moderate,contact_to_detected,,,,,,
observation_error,policy_over_no_action,,,,radolfzell_great_tits_ontogeny,-0.0203640642828171,results/EXP-20260817-006/full/observation_absolute_family.csv,joint_moderate,history_weight,,,,,,
observation_error,policy_over_no_action,,,,radolfzell_great_tits_ontogeny,0.0229729799353493,results/EXP-20260817-006/full/observation_absolute_family.csv,reference,contact_to_detected,,,,,,
observation_error,policy_over_no_action,,,,radolfzell_great_tits_ontogeny,-0.0191354833170134,results/EXP-20260817-006/full/observation_absolute_family.csv,reference,history_weight,,,,,,
rewiring,detected_contacts_over_history,delayed_detection,,,domestic_sheep_sirtrack,0.0041666666666666,results/EXP-20260816-019/full/relative_family_summary.csv | results/EXP-20260816-020/full/relative_family_summary.csv,,,0.0,,,,,
rewiring,detected_contacts_over_history,early_detection,,,domestic_sheep_sirtrack,-0.0052083333333333,results/EXP-20260816-019/full/relative_family_summary.csv | results/EXP-20260816-020/full/relative_family_summary.csv,,,0.0,,,,,
rewiring,detected_contacts_over_history,delayed_detection,,,domestic_sheep_sirtrack,0.0029947916666666,results/EXP-20260816-019/full/relative_family_summary.csv | results/EXP-20260816-020/full/relative_family_summary.csv,,,0.5,,,,,
rewiring,detected_contacts_over_history,delayed_detection,,,domestic_sheep_sirtrack,0.0018229166666666,results/EXP-20260816-019/full/relative_family_summary.csv | results/EXP-20260816-020/full/relative_family_summary.csv,,,1.0,,,,,
rewiring,detected_contacts_over_history,early_detection,,,domestic_sheep_sirtrack,0.0080729166666666,results/EXP-20260816-019/full/relative_family_summary.csv | results/EXP-20260816-020/full/relative_family_summary.csv,,,0.5,,,,,
rewiring,detected_contacts_over_history,early_detection,,,domestic_sheep_sirtrack,0.006640625,results/EXP-20260816-019/full/relative_family_summary.csv | results/EXP-20260816-020/full/relative_family_summary.csv,,,1.0,,,,,
rewiring,detected_contacts_over_history,delayed_detection,,,guinea_baboons_sociopatterns,0.0,results/EXP-20260816-019/full/relative_family_summary.csv | results/EXP-20260816-020/full/relative_family_summary.csv,,,0.0,,,,,
rewiring,detected_contacts_over_history,early_detection,,,guinea_baboons_sociopatterns,0.0,results/EXP-20260816-019/full/relative_family_summary.csv | results/EXP-20260816-020/full/relative_family_summary.csv,,,0.0,,,,,
rewiring,detected_contacts_over_history,delayed_detection,,,guinea_baboons_sociopatterns,-0.0011518429487179,results/EXP-20260816-019/full/relative_family_summary.csv | results/EXP-20260816-020/full/relative_family_summary.csv,,,0.5,,,,,
rewiring,detected_contacts_over_history,delayed_detection,,,guinea_baboons_sociopatterns,-0.0005008012820512,results/EXP-20260816-019/full/relative_family_summary.csv | results/EXP-20260816-020/full/relative_family_summary.csv,,,1.0,,,,,
rewiring,detected_contacts_over_history,early_detection,,,guinea_baboons_sociopatterns,0.0006009615384615,results/EXP-20260816-019/full/relative_family_summary.csv | results/EXP-20260816-020/full/relative_family_summary.csv,,,0.5,,,,,
rewiring,detected_contacts_over_history,early_detection,,,guinea_baboons_sociopatterns,0.0036558493589743,results/EXP-20260816-019/full/relative_family_summary.csv | results/EXP-20260816-020/full/relative_family_summary.csv,,,1.0,,,,,
rewiring,detected_contacts_over_history,delayed_detection,,,linked_wytham_songbird_family,0.0036487766736356,results/EXP-20260816-019/full/relative_family_summary.csv | results/EXP-20260816-020/full/relative_family_summary.csv,,,0.0,,,,,
rewiring,detected_contacts_over_history,early_detection,,,linked_wytham_songbird_family,0.0012966778591778,results/EXP-20260816-019/full/relative_family_summary.csv | results/EXP-20260816-020/full/relative_family_summary.csv,,,0.0,,,,,
rewiring,detected_contacts_over_history,delayed_detection,,,linked_wytham_songbird_family,0.0494461117579591,results/EXP-20260816-019/full/relative_family_summary.csv | results/EXP-20260816-020/full/relative_family_summary.csv,,,0.5,,,,,
rewiring,detected_contacts_over_history,delayed_detection,,,linked_wytham_songbird_family,0.0708509347951325,results/EXP-20260816-019/full/relative_family_summary.csv | results/EXP-20260816-020/full/relative_family_summary.csv,,,1.0,,,,,
rewiring,detected_contacts_over_history,early_detection,,,linked_wytham_songbird_family,0.0472399534748862,results/EXP-20260816-019/full/relative_family_summary.csv | results/EXP-20260816-020/full/relative_family_summary.csv,,,0.5,,,,,
rewiring,detected_contacts_over_history,early_detection,,,linked_wytham_songbird_family,0.0552216553234809,results/EXP-20260816-019/full/relative_family_summary.csv | results/EXP-20260816-020/full/relative_family_summary.csv,,,1.0,,,,,
rewiring,detected_contacts_over_history,delayed_detection,,,oxford_wildbird_network,0.0,results/EXP-20260816-019/full/relative_family_summary.csv | results/EXP-20260816-020/full/relative_family_summary.csv,,,0.0,,,,,
rewiring,detected_contacts_over_history,early_detection,,,oxford_wildbird_network,-0.0117647058823529,results/EXP-20260816-019/full/relative_family_summary.csv | results/EXP-20260816-020/full/relative_family_summary.csv,,,0.0,,,,,
rewiring,detected_contacts_over_history,delayed_detection,,,oxford_wildbird_network,0.0130514705882352,results/EXP-20260816-019/full/relative_family_summary.csv | results/EXP-20260816-020/full/relative_family_summary.csv,,,0.5,,,,,
rewiring,detected_contacts_over_history,delayed_detection,,,oxford_wildbird_network,0.0158088235294117,results/EXP-20260816-019/full/relative_family_summary.csv | results/EXP-20260816-020/full/relative_family_summary.csv,,,1.0,,,,,
rewiring,detected_contacts_over_history,early_detection,,,oxford_wildbird_network,0.0641544117647058,results/EXP-20260816-019/full/relative_family_summary.csv | results/EXP-20260816-020/full/relative_family_summary.csv,,,0.5,,,,,
rewiring,detected_contacts_over_history,early_detection,,,oxford_wildbird_network,0.0705882352941176,results/EXP-20260816-019/full/relative_family_summary.csv | results/EXP-20260816-020/full/relative_family_summary.csv,,,1.0,,,,,
rewiring,detected_contacts_over_history,delayed_detection,,,radolfzell_great_tits_ontogeny,0.0007180318246981,results/EXP-20260816-019/full/relative_family_summary.csv | results/EXP-20260816-020/full/relative_family_summary.csv,,,0.0,,,,,
rewiring,detected_contacts_over_history,early_detection,,,radolfzell_great_tits_ontogeny,-0.0013194862837917,results/EXP-20260816-019/full/relative_family_summary.csv | results/EXP-20260816-020/full/relative_family_summary.csv,,,0.0,,,,,
rewiring,detected_contacts_over_history,delayed_detection,,,radolfzell_great_tits_ontogeny,0.0144355101632635,results/EXP-20260816-019/full/relative_family_summary.csv | results/EXP-20260816-020/full/relative_family_summary.csv,,,0.5,,,,,
rewiring,detected_contacts_over_history,delayed_detection,,,radolfzell_great_tits_ontogeny,0.0206175338661298,results/EXP-20260816-019/full/relative_family_summary.csv | results/EXP-20260816-020/full/relative_family_summary.csv,,,1.0,,,,,
rewiring,detected_contacts_over_history,early_detection,,,radolfzell_great_tits_ontogeny,0.0135019918318921,results/EXP-20260816-019/full/relative_family_summary.csv | results/EXP-20260816-020/full/relative_family_summary.csv,,,0.5,,,,,
rewiring,detected_contacts_over_history,early_detection,,,radolfzell_great_tits_ontogeny,0.0213969788292769,results/EXP-20260816-019/full/relative_family_summary.csv | results/EXP-20260816-020/full/relative_family_summary.csv,,,1.0,,,,,
temporal_score,oracle_regret_reduction,,,,domestic_sheep_sirtrack,-0.00010185185185190154,results/EXP-20260816-005/full/ordered_family_metrics.csv,,,,,,,,
temporal_score,oracle_regret_reduction,,,,guinea_baboons_sociopatterns,-0.00304624150778,results/EXP-20260816-005/full/ordered_family_metrics.csv,,,,,,,,
temporal_score,oracle_regret_reduction,,,,linked_wytham_songbird_family,3.941871387359982e-05,results/EXP-20260816-005/full/ordered_family_metrics.csv,,,,,,,,
temporal_score,oracle_regret_reduction,,,,oxford_wildbird_network,0.0,results/EXP-20260816-005/full/ordered_family_metrics.csv,,,,,,,,
temporal_score,oracle_regret_reduction,,,,radolfzell_great_tits_ontogeny,-0.00032994127947069945,results/EXP-20260816-005/full/ordered_family_metrics.csv,,,,,,,,
temporal_score,rank_correlation_gain,,,,domestic_sheep_sirtrack,0.0034181006553780924,results/EXP-20260816-005/full/ordered_family_metrics.csv,,,,,,,,
temporal_score,rank_correlation_gain,,,,guinea_baboons_sociopatterns,-0.023809523809523947,results/EXP-20260816-005/full/ordered_family_metrics.csv,,,,,,,,
temporal_score,rank_correlation_gain,,,,linked_wytham_songbird_family,0.009541005756968923,results/EXP-20260816-005/full/ordered_family_metrics.csv,,,,,,,,
temporal_score,rank_correlation_gain,,,,oxford_wildbird_network,5.570441587221531e-06,results/EXP-20260816-005/full/ordered_family_metrics.csv,,,,,,,,
temporal_score,rank_correlation_gain,,,,radolfzell_great_tits_ontogeny,0.0032199493843521054,results/EXP-20260816-005/full/ordered_family_metrics.csv,,,,,,,,
temporal_score,top20_value_capture_gain,,,,domestic_sheep_sirtrack,0.0005203902907211788,results/EXP-20260816-005/full/ordered_family_metrics.csv,,,,,,,,
temporal_score,top20_value_capture_gain,,,,guinea_baboons_sociopatterns,-0.12686691466326128,results/EXP-20260816-005/full/ordered_family_metrics.csv,,,,,,,,
temporal_score,top20_value_capture_gain,,,,linked_wytham_songbird_family,0.01610658156312239,results/EXP-20260816-005/full/ordered_family_metrics.csv,,,,,,,,
temporal_score,top20_value_capture_gain,,,,oxford_wildbird_network,0.0,results/EXP-20260816-005/full/ordered_family_metrics.csv,,,,,,,,
temporal_score,top20_value_capture_gain,,,,radolfzell_great_tits_ontogeny,-0.03875144735569269,results/EXP-20260816-005/full/ordered_family_metrics.csv,,,,,,,,
